LINEAR id,Plinear,Pztf,Pmean,Pratio,NdataLINEAR,L_rms,L_chi2dof,L_chi2dofR,Lmean_rms,Lmean_chi2dof,Lmean_chi2dofR,Lmmax,Lampl,NdataZTF,Z_rms,Zchi2dof,Zchi2dofR,Zmean_rms,Zmean_chi2dof,Zmean_chi2dofR,Zmmax,Zampl,MainPeakL,BlazhkoPeakL,BlazhkoPeriodL,BpowerRatioL,BsignificanceL,MainPeakZ,BlazhkoPeakZ,BlazhkoPeriodZ,BpowerRatioZ,BsignificanceZ,Ampl_diff,dP,IndicatorType,ChiType,BE_score,period_vs_amp
1212611,0.630896,0.630893,0.630894,0.999995,297,0.0493084901714861,0.9,0.9,0.0508119589623606,0.9,0.9,15.64,0.75,165,0.0294621856948783,1.8,1.1,0.0299997855630055,1.8,1.1,15.66,0.57,1.585,1.5962,89.3256,0.0606,10.3725,1.5851,1.6388,18.6047,0.0264,6.597,0.18,0.0,L,,,
8610884,0.592421,0.592429,0.592425,1.000014,277,0.1523754075287486,6.3,2.2,0.1573550415108336,6.3,2.2,15.48,0.45,186,0.1271784871281089,25.3,3.7,0.1229517469086671,25.7,3.7,15.4,0.4,1.688,1.7144,37.843,0.0504,9.1348,1.6879,1.6908,352.7337,0.0404,15.638,0.05,1e-05,L,,,
9852554,0.651339,0.651367,0.651353,1.000043,339,0.1352235083563752,1.1,1.0,0.1575813062664165,1.6,1.1,16.42,0.67,69,0.102352344861151,11.0,2.8,0.084025617504696,9.7,2.2,16.43,0.52,1.5353,1.557,46.0617,0.0544,7.4618,1.5353,1.5403,197.2387,0.0336,6.4626,0.15,4e-05,L,,,
