LINEAR id,Plinear,Pztf,Pmean,Pratio,NdataLINEAR,L_chi2dof,L_chi2dofR,Lmean_chi2dof,Lmean_chi2dofR,Lmmax,Lampl,NdataZTF,Zchi2dof,Zchi2dofR,Zmean_chi2dof,Zmean_chi2dofR,Zmmax,Zampl,MainPeakL,BlazhkoPeakL,BlazhkoPeriodL,BpowerRatioL,BsignificanceL,MainPeakZ,BlazhkoPeakZ,BlazhkoPeriodZ,BpowerRatioZ,BsignificanceZ,Ampl_diff,dP,IndicatorType,ChiType,BE_score,period_vs_amp
1240665,0.632528,0.632522,0.632525,0.999991,468,25.2,3.0,25.4,2.9,14.55,0.33,311,1.6,1.1,1.7,1.2,14.5,0.33,1.581,1.6149,29.4942,0.052,14.1052,1.581,1.5865,182.3154,0.057,15.9957,0.0,1e-05,Z,,,
1736308,0.555848,0.555843,0.555846,0.999991,372,2.9,1.3,3.0,1.2,15.41,0.7,44,1.9,1.0,2.0,1.0,15.32,0.59,1.7991,1.833,29.4377,0.0861,13.7119,1.7991,1.8264,36.6367,0.0529,5.6501,0.11,1e-05,Z,,,
2669011,0.591153,0.591151,0.591152,0.999997,450,2.4,1.1,2.3,1.1,15.03,0.66,41,1.5,0.7,1.5,0.7,15.05,0.5,1.6916,1.7256,29.4464,0.1033,14.9008,1.6916,1.7015,101.2146,0.0751,6.536,0.16,0.0,Z,,,
17185566,0.61416,0.614169,0.614164,1.000015,542,3.2,1.5,3.2,1.4,15.34,0.4,629,6.2,1.9,7.1,1.9,15.24,0.42,1.6282,1.662,29.5814,0.0387,14.7533,1.6282,1.6365,120.6273,0.0761,11.5523,0.02,1e-05,Z,,,
