LINEAR id,Plinear,Pztf,Pmean,Pratio,NdataLINEAR,L_chi2dof,L_chi2dofR,Lmean_chi2dof,Lmean_chi2dofR,Lmmax,Lampl,NdataZTF,Zchi2dof,Zchi2dofR,Zmean_chi2dof,Zmean_chi2dofR,Zmmax,Zampl,MainPeakL,BlazhkoPeakL,BlazhkoPeriodL,BpowerRatioL,BsignificanceL,MainPeakZ,BlazhkoPeakZ,BlazhkoPeriodZ,BpowerRatioZ,BsignificanceZ,Ampl_diff,dP,IndicatorType,ChiType,BE_score
1240665,0.632528,0.632522,0.632525,0.999991,468,25.2,3.0,25.4,2.9,14.55,0.33,311,1.6,1.1,1.7,1.2,14.5,0.33,1.581,1.6149,29.4942,0.052,14.1052,1.581,1.5865,182.3154,0.057,15.9957,0.0,1e-05,Z,-,0
1936459,0.649248,0.64924,0.649244,0.999988,431,0.6,0.7,0.6,0.7,16.45,0.45,268,1.7,1.1,1.7,1.0,16.41,0.43,1.5402,1.5741,29.5203,0.0754,10.9704,1.5403,1.5458,181.8182,0.0526,16.0767,0.02,1e-05,Z,-,0
5931160,0.6647,0.664708,0.664704,1.000012,587,0.9,0.8,0.9,0.8,15.17,0.35,658,1.3,1.1,1.3,1.1,15.11,0.33,1.5044,1.5383,29.5421,0.0822,14.5345,1.5044,1.5078,293.6858,0.1278,7.5407,0.02,1e-05,Z,-,0
17185566,0.61416,0.614169,0.614164,1.000015,542,3.2,1.5,3.2,1.4,15.34,0.4,629,6.2,1.9,7.1,1.9,15.24,0.42,1.6282,1.662,29.5814,0.0387,14.7533,1.6282,1.6365,120.6273,0.0761,11.5523,0.02,1e-05,Z,-,0
