ID,Frequency,Period,N
10003298.0,8.067333454793802,0.12395669592729877,196.0
10004892.0,1.486845006416834,0.6725650593600958,269.0
10013411.0,2.8007498818743737,0.3570472345537546,170.0
10021274.0,1.7333885376544322,0.5769047032889516,214.0
10022663.0,1.6235122411571585,0.6159485433181889,246.0
