index,Period,N
4898,0.5570232728489015,93
5523,0.6433117903487847,1535
